<?xml version="1.0" encoding="UTF-8"?>
<configurationDescriptor version="100">
  <logicalFolder name="root" displayName="root" projectFiles="true" kind="ROOT">
    <logicalFolder name="HeaderFiles"
                   displayName="Header Files"
                   projectFiles="true">
      <itemPath>Bot.hpp</itemPath>
      <itemPath>Cards.hpp</itemPath>
      <itemPath>Dealer.hpp</itemPath>
      <itemPath>Game.hpp</itemPath>
      <itemPath>Graph.hpp</itemPath>
      <itemPath>Player.hpp</itemPath>
    </logicalFolder>
    <logicalFolder name="ResourceFiles"
                   displayName="Resource Files"
                   projectFiles="true">
    </logicalFolder>
    <logicalFolder name="SourceFiles"
                   displayName="Source Files"
                   projectFiles="true">
      <itemPath>Bot.cpp</itemPath>
      <itemPath>Cards.cpp</itemPath>
      <itemPath>Dealer.cpp</itemPath>
      <itemPath>Game.cpp</itemPath>
      <itemPath>Graph.cpp</itemPath>
      <itemPath>Player.cpp</itemPath>
      <itemPath>main.cpp</itemPath>
    </logicalFolder>
    <logicalFolder name="TestFiles"
                   displayName="Test Files"
                   projectFiles="false"
                   kind="TEST_LOGICAL_FOLDER">
    </logicalFolder>
    <logicalFolder name="ExternalFiles"
                   displayName="Important Files"
                   projectFiles="false"
                   kind="IMPORTANT_FILES_FOLDER">
      <itemPath>Makefile</itemPath>
    </logicalFolder>
  </logicalFolder>
  <projectmakefile>Makefile</projectmakefile>
  <confs>
    <conf name="Debug" type="1">
      <toolsSet>
        <compilerSet>default</compilerSet>
        <dependencyChecking>true</dependencyChecking>
        <rebuildPropChanged>false</rebuildPropChanged>
      </toolsSet>
      <compileType>
      </compileType>
      <item path="Bot.cpp" ex="false" tool="1" flavor2="0">
      </item>
      <item path="Bot.hpp" ex="false" tool="3" flavor2="0">
      </item>
      <item path="Cards.cpp" ex="false" tool="1" flavor2="0">
      </item>
      <item path="Cards.hpp" ex="false" tool="3" flavor2="0">
      </item>
      <item path="Dealer.cpp" ex="false" tool="1" flavor2="0">
      </item>
      <item path="Dealer.hpp" ex="false" tool="3" flavor2="0">
      </item>
      <item path="Game.cpp" ex="false" tool="1" flavor2="0">
      </item>
      <item path="Game.hpp" ex="false" tool="3" flavor2="0">
      </item>
      <item path="Graph.cpp" ex="false" tool="1" flavor2="0">
      </item>
      <item path="Graph.hpp" ex="false" tool="3" flavor2="0">
      </item>
      <item path="Player.cpp" ex="false" tool="1" flavor2="0">
      </item>
      <item path="Player.hpp" ex="false" tool="3" flavor2="0">
      </item>
      <item path="main.cpp" ex="false" tool="1" flavor2="0">
      </item>
    </conf>
    <conf name="Release" type="1">
      <toolsSet>
        <compilerSet>default</compilerSet>
        <dependencyChecking>true</dependencyChecking>
        <rebuildPropChanged>false</rebuildPropChanged>
      </toolsSet>
      <compileType>
        <cTool>
          <developmentMode>5</developmentMode>
        </cTool>
        <ccTool>
          <developmentMode>5</developmentMode>
        </ccTool>
        <fortranCompilerTool>
          <developmentMode>5</developmentMode>
        </fortranCompilerTool>
        <asmTool>
          <developmentMode>5</developmentMode>
        </asmTool>
      </compileType>
      <item path="Bot.cpp" ex="false" tool="1" flavor2="0">
      </item>
      <item path="Bot.hpp" ex="false" tool="3" flavor2="0">
      </item>
      <item path="Cards.cpp" ex="false" tool="1" flavor2="0">
      </item>
      <item path="Cards.hpp" ex="false" tool="3" flavor2="0">
      </item>
      <item path="Dealer.cpp" ex="false" tool="1" flavor2="0">
      </item>
      <item path="Dealer.hpp" ex="false" tool="3" flavor2="0">
      </item>
      <item path="Game.cpp" ex="false" tool="1" flavor2="0">
      </item>
      <item path="Game.hpp" ex="false" tool="3" flavor2="0">
      </item>
      <item path="Graph.cpp" ex="false" tool="1" flavor2="0">
      </item>
      <item path="Graph.hpp" ex="false" tool="3" flavor2="0">
      </item>
      <item path="Player.cpp" ex="false" tool="1" flavor2="0">
      </item>
      <item path="Player.hpp" ex="false" tool="3" flavor2="0">
      </item>
      <item path="main.cpp" ex="false" tool="1" flavor2="0">
      </item>
    </conf>
  </confs>
</configurationDescriptor>
